periods,home_team,away_team,home_goals,away_goals
2021,Verona,Roma,3,0
2021,Fiorentina,Torino,1,0
2021,Sassuolo,Cagliari,1,1
2021,Parma,Napoli,0,2
2021,Juventus,Sampdoria,3,0
2021,Genoa,Crotone,4,1
2021,Milan,Bologna,2,0
2021,Cagliari,Lazio,0,2
2021,Sampdoria,Benevento,2,3
2021,Inter,Fiorentina,4,3
2021,Torino,Atalanta,2,4
2021,Spezia,Sassuolo,1,4
2021,Roma,Juventus,2,2
2021,Crotone,Milan,0,2
2021,Verona,Udinese,1,0
2021,Napoli,Genoa,6,0
2021,Bologna,Parma,4,1
2021,Lazio,Atalanta,1,4
2021,Benevento,Inter,2,5
2021,Udinese,Spezia,0,2
2021,Fiorentina,Sampdoria,1,2
2021,Sassuolo,Crotone,4,1
2021,Udinese,Roma,0,1
2021,Atalanta,Cagliari,5,2
2021,Parma,Verona,1,0
2021,Milan,Spezia,3,0
2021,Lazio,Inter,1,1
2021,Benevento,Bologna,1,0
2021,Inter,Milan,1,2
2021,Crotone,Juventus,1,1
2021,Sampdoria,Lazio,3,0
2021,Napoli,Atalanta,4,1
2021,Bologna,Sassuolo,3,4
2021,Spezia,Fiorentina,2,2
2021,Torino,Cagliari,2,3
2021,Roma,Benevento,5,2
2021,Udinese,Parma,3,2
2021,Verona,Genoa,0,0
2021,Sassuolo,Torino,3,3
2021,Lazio,Bologna,2,1
2021,Genoa,Inter,0,2
2021,Atalanta,Sampdoria,1,3
2021,Parma,Spezia,2,2
2021,Benevento,Napoli,1,2
2021,Juventus,Verona,1,1
2021,Fiorentina,Udinese,3,2
2021,Cagliari,Crotone,4,2
2021,Milan,Roma,3,3
2021,Crotone,Atalanta,1,2
2021,Bologna,Cagliari,3,2
2021,Inter,Parma,2,2
2021,Udinese,Milan,1,2
2021,Roma,Fiorentina,2,0
2021,Sampdoria,Genoa,1,1
2021,Spezia,Juventus,1,4
2021,Torino,Lazio,3,4
2021,Napoli,Sassuolo,0,2
2021,Verona,Benevento,3,1
2021,Genoa,Torino,1,2
2021,Sassuolo,Udinese,0,0
2021,Benevento,Spezia,0,3
2021,Cagliari,Sampdoria,2,0
2021,Parma,Fiorentina,0,0
2021,Bologna,Napoli,0,1
2021,Torino,Crotone,0,0
2021,Genoa,Roma,1,3
2021,Atalanta,Inter,1,1
2021,Lazio,Juventus,1,1
2021,Milan,Verona,2,2
2021,Crotone,Lazio,0,2
2021,Spezia,Atalanta,0,0
2021,Juventus,Cagliari,2,0
2021,Verona,Sassuolo,0,2
2021,Udinese,Genoa,1,0
2021,Roma,Parma,3,0
2021,Inter,Torino,4,2
2021,Fiorentina,Benevento,0,1
2021,Napoli,Milan,1,3
2021,Sampdoria,Bologna,1,2
2021,Benevento,Juventus,1,1
2021,Sassuolo,Inter,0,3
2021,Atalanta,Verona,0,2
2021,Napoli,Roma,4,0
2021,Milan,Fiorentina,2,0
2021,Lazio,Udinese,1,3
2021,Bologna,Crotone,1,0
2021,Cagliari,Spezia,2,2
2021,Torino,Sampdoria,2,2
2021,Genoa,Parma,1,2
2021,Spezia,Lazio,1,2
2021,Inter,Bologna,3,1
2021,Juventus,Torino,2,1
2021,Roma,Sassuolo,0,0
2021,Sampdoria,Milan,1,2
2021,Crotone,Napoli,0,4
2021,Parma,Benevento,0,0
2021,Verona,Cagliari,1,1
2021,Fiorentina,Genoa,1,1
2021,Sassuolo,Benevento,1,0
2021,Crotone,Spezia,4,1
2021,Lazio,Verona,1,2
2021,Torino,Udinese,2,3
2021,Bologna,Roma,1,5
2021,Atalanta,Fiorentina,3,0
2021,Genoa,Juventus,1,3
2021,Napoli,Sampdoria,2,1
2021,Milan,Parma,2,2
2021,Cagliari,Inter,1,3
2021,Benevento,Lazio,1,1
2021,Udinese,Crotone,0,0
2021,Inter,Napoli,1,0
2021,Parma,Cagliari,0,0
2021,Genoa,Milan,2,2
2021,Verona,Sampdoria,1,2
2021,Juventus,Atalanta,1,1
2021,Spezia,Bologna,2,2
2021,Fiorentina,Sassuolo,1,1
2021,Roma,Torino,3,1
2021,Parma,Juventus,0,4
2021,Sampdoria,Crotone,3,1
2021,Fiorentina,Verona,1,1
2021,Inter,Spezia,2,1
2021,Torino,Bologna,1,1
2021,Lazio,Napoli,2,0
2021,Benevento,Genoa,2,0
2021,Sassuolo,Milan,1,2
2021,Atalanta,Roma,4,1
2021,Cagliari,Udinese,1,1
2021,Juventus,Fiorentina,0,3
2021,Crotone,Parma,2,1
2021,Napoli,Torino,1,1
2021,Roma,Cagliari,3,2
2021,Udinese,Benevento,0,2
2021,Bologna,Atalanta,2,2
2021,Sampdoria,Sassuolo,2,3
2021,Verona,Inter,1,2
2021,Spezia,Genoa,1,2
2021,Milan,Lazio,3,2
2021,Roma,Sampdoria,1,0
2021,Juventus,Udinese,4,1
2021,Inter,Crotone,6,2
2021,Atalanta,Sassuolo,5,1
2021,Fiorentina,Bologna,0,0
2021,Genoa,Lazio,1,1
2021,Cagliari,Napoli,1,4
2021,Spezia,Verona,0,1
2021,Parma,Torino,0,3
2021,Benevento,Milan,0,2
2021,Torino,Verona,1,1
2021,Cagliari,Benevento,1,2
2021,Atalanta,Parma,3,0
2021,Sampdoria,Inter,2,1
2021,Sassuolo,Genoa,2,1
2021,Milan,Juventus,1,3
2021,Crotone,Roma,1,3
2021,Bologna,Udinese,2,2
2021,Lazio,Fiorentina,2,1
2021,Napoli,Spezia,1,2
2021,Milan,Torino,2,0
2021,Benevento,Atalanta,1,4
2021,Genoa,Bologna,2,0
2021,Parma,Lazio,0,2
2021,Roma,Inter,2,2
2021,Verona,Crotone,2,1
2021,Juventus,Sassuolo,3,1
2021,Fiorentina,Cagliari,1,0
2021,Udinese,Napoli,1,2
2021,Spezia,Sampdoria,2,1
2021,Lazio,Roma,3,0
2021,Bologna,Verona,1,0
2021,Torino,Spezia,0,0
2021,Sampdoria,Udinese,2,1
2021,Inter,Juventus,2,0
2021,Napoli,Fiorentina,6,0
2021,Sassuolo,Parma,1,1
2021,Crotone,Benevento,4,1
2021,Atalanta,Genoa,0,0
2021,Cagliari,Milan,0,2
2021,Udinese,Atalanta,1,1
2021,Benevento,Torino,2,2
2021,Milan,Atalanta,0,3
2021,Roma,Spezia,4,3
2021,Fiorentina,Crotone,2,1
2021,Udinese,Inter,0,0
2021,Lazio,Sassuolo,2,1
2021,Juventus,Bologna,2,0
2021,Parma,Sampdoria,0,2
2021,Genoa,Cagliari,1,0
2021,Verona,Napoli,3,1
2021,Torino,Fiorentina,1,1
2021,Bologna,Milan,1,2
2021,Inter,Benevento,4,0
2021,Sampdoria,Juventus,0,2
2021,Spezia,Udinese,0,1
2021,Roma,Verona,3,1
2021,Crotone,Genoa,0,3
2021,Napoli,Parma,2,0
2021,Cagliari,Sassuolo,1,1
2021,Atalanta,Lazio,1,3
2021,Fiorentina,Inter,0,2
2021,Genoa,Napoli,2,1
2021,Juventus,Roma,2,0
2021,Atalanta,Torino,3,3
2021,Sassuolo,Spezia,1,2
2021,Benevento,Sampdoria,1,1
2021,Lazio,Cagliari,1,0
2021,Udinese,Verona,2,0
2021,Milan,Crotone,4,0
2021,Parma,Bologna,0,3
2021,Bologna,Benevento,1,1
2021,Napoli,Juventus,1,0
2021,Torino,Genoa,0,0
2021,Spezia,Milan,2,0
2021,Inter,Lazio,3,1
2021,Roma,Udinese,3,0
2021,Crotone,Sassuolo,1,2
2021,Cagliari,Atalanta,0,1
2021,Sampdoria,Fiorentina,2,1
2021,Verona,Parma,2,1
2021,Cagliari,Torino,0,1
2021,Fiorentina,Spezia,3,0
2021,Sassuolo,Bologna,1,1
2021,Genoa,Verona,2,2
2021,Lazio,Sampdoria,1,0
2021,Atalanta,Napoli,4,2
2021,Benevento,Roma,0,0
2021,Milan,Inter,0,3
2021,Parma,Udinese,2,2
2021,Juventus,Crotone,3,0
2021,Spezia,Parma,2,2
2021,Bologna,Lazio,2,0
2021,Verona,Juventus,1,1
2021,Roma,Milan,1,2
2021,Inter,Genoa,3,0
2021,Crotone,Cagliari,0,2
2021,Sampdoria,Atalanta,0,2
2021,Udinese,Fiorentina,1,0
2021,Napoli,Benevento,2,0
2021,Juventus,Spezia,3,0
2021,Sassuolo,Napoli,3,3
2021,Cagliari,Bologna,1,0
2021,Fiorentina,Roma,1,2
2021,Atalanta,Crotone,5,1
2021,Genoa,Sampdoria,1,1
2021,Milan,Udinese,1,1
2021,Benevento,Verona,0,3
2021,Parma,Inter,1,2
2021,Udinese,Sassuolo,2,0
2021,Juventus,Lazio,3,1
2021,Spezia,Benevento,1,1
2021,Sampdoria,Cagliari,2,2
2021,Fiorentina,Parma,3,3
2021,Napoli,Bologna,3,1
2021,Verona,Milan,0,2
2021,Crotone,Torino,4,2
2021,Roma,Genoa,1,0
2021,Inter,Atalanta,1,0
2021,Lazio,Crotone,3,2
2021,Atalanta,Spezia,3,1
2021,Genoa,Udinese,1,1
2021,Benevento,Fiorentina,1,4
2021,Sassuolo,Verona,3,2
2021,Parma,Roma,2,0
2021,Cagliari,Juventus,1,3
2021,Torino,Inter,1,2
2021,Milan,Napoli,0,1
2021,Bologna,Sampdoria,3,1
2021,Torino,Sassuolo,3,2
2021,Parma,Genoa,1,2
2021,Crotone,Bologna,2,3
2021,Spezia,Cagliari,2,1
2021,Sampdoria,Torino,1,0
2021,Juventus,Benevento,0,1
2021,Roma,Napoli,0,2
2021,Fiorentina,Milan,2,3
2021,Udinese,Lazio,0,1
2021,Verona,Atalanta,0,2
2021,Milan,Sampdoria,1,1
2021,Napoli,Crotone,4,3
2021,Torino,Juventus,2,2
2021,Lazio,Spezia,2,1
2021,Sassuolo,Roma,2,2
2021,Cagliari,Verona,0,2
2021,Bologna,Inter,0,1
2021,Benevento,Parma,2,2
2021,Atalanta,Udinese,3,2
2021,Genoa,Fiorentina,1,1
2021,Inter,Sassuolo,2,1
2021,Juventus,Napoli,2,1
2021,Parma,Milan,1,3
2021,Spezia,Crotone,3,2
2021,Udinese,Torino,0,1
2021,Verona,Lazio,0,1
2021,Roma,Bologna,1,0
2021,Sampdoria,Napoli,0,2
2021,Inter,Cagliari,1,0
2021,Fiorentina,Atalanta,2,3
2021,Juventus,Genoa,3,1
2021,Benevento,Sassuolo,0,1
2021,Sampdoria,Verona,3,1
2021,Cagliari,Parma,4,3
2021,Crotone,Udinese,1,2
2021,Sassuolo,Fiorentina,3,1
2021,Torino,Roma,3,1
2021,Atalanta,Juventus,1,0
2021,Bologna,Spezia,4,1
2021,Lazio,Benevento,5,3
2021,Napoli,Inter,1,1
2021,Milan,Genoa,2,1
2021,Verona,Fiorentina,1,2
2021,Milan,Sassuolo,1,2
2021,Bologna,Torino,1,1
2021,Juventus,Parma,3,1
2021,Genoa,Benevento,2,2
2021,Spezia,Inter,1,1
2021,Crotone,Sampdoria,0,1
2021,Udinese,Cagliari,0,1
2021,Roma,Atalanta,1,1
2021,Napoli,Lazio,5,2
2021,Genoa,Spezia,2,0
2021,Parma,Crotone,3,4
2021,Sassuolo,Sampdoria,1,0
2021,Inter,Verona,1,0
2021,Atalanta,Bologna,5,0
2021,Cagliari,Roma,3,2
2021,Benevento,Udinese,2,4
2021,Fiorentina,Juventus,1,1
2021,Torino,Napoli,0,2
2021,Lazio,Milan,3,0
2021,Verona,Spezia,1,1
2021,Crotone,Inter,0,2
2021,Milan,Benevento,2,0
2021,Bologna,Fiorentina,3,3
2021,Udinese,Juventus,1,2
2021,Lazio,Genoa,4,3
2021,Napoli,Cagliari,1,1
2021,Sampdoria,Roma,2,0
2021,Sassuolo,Atalanta,1,1
2021,Torino,Parma,1,0
2021,Spezia,Napoli,1,4
2021,Udinese,Bologna,1,1
2021,Inter,Sampdoria,5,1
2021,Fiorentina,Lazio,2,0
2021,Juventus,Milan,0,3
2021,Genoa,Sassuolo,1,2
2021,Parma,Atalanta,2,5
2021,Verona,Torino,1,1
2021,Roma,Crotone,5,0
2021,Benevento,Cagliari,1,3
2021,Napoli,Udinese,5,1
2021,Lazio,Parma,1,0
2021,Bologna,Genoa,0,2
2021,Sassuolo,Juventus,1,3
2021,Cagliari,Fiorentina,0,0
2021,Sampdoria,Spezia,2,2
2021,Inter,Roma,3,1
2021,Atalanta,Benevento,2,0
2021,Torino,Milan,0,7
2021,Crotone,Verona,2,1
2021,Roma,Lazio,2,0
2021,Spezia,Torino,4,1
2021,Genoa,Atalanta,3,4
2021,Juventus,Inter,3,2
2021,Parma,Sassuolo,1,3
2021,Udinese,Sampdoria,0,1
2021,Milan,Cagliari,0,0
2021,Benevento,Crotone,1,1
2021,Fiorentina,Napoli,0,2
2021,Verona,Bologna,2,2
2021,Lazio,Torino,0,0
2021,Cagliari,Genoa,0,1
2021,Sampdoria,Parma,3,0
2021,Crotone,Fiorentina,0,0
2021,Torino,Benevento,1,1
2021,Spezia,Roma,2,2
2021,Bologna,Juventus,1,4
2021,Sassuolo,Lazio,2,0
2021,Napoli,Verona,1,1
2021,Atalanta,Milan,0,2
2021,Inter,Udinese,5,1
2022,Empoli,Lazio,1,3
2022,Torino,Atalanta,1,2
2022,Verona,Sassuolo,2,3
2022,Inter,Genoa,4,0
2022,Bologna,Salernitana,3,2
2022,Udinese,Juventus,2,2
2022,Napoli,Venezia,2,0
2022,Roma,Fiorentina,3,1
2022,Sampdoria,Milan,0,1
2022,Cagliari,Spezia,2,2
2022,Udinese,Venezia,3,0
2022,Verona,Inter,1,3
2022,Juventus,Empoli,0,1
2022,Fiorentina,Torino,2,1
2022,Atalanta,Bologna,0,0
2022,Lazio,Spezia,6,1
2022,Milan,Cagliari,4,1
2022,Genoa,Napoli,1,2
2022,Sassuolo,Sampdoria,0,0
2022,Salernitana,Roma,0,4
2022,Atalanta,Fiorentina,1,2
2022,Empoli,Venezia,1,2
2022,Napoli,Juventus,2,1
2022,Spezia,Udinese,0,1
2022,Roma,Sassuolo,2,1
2022,Torino,Salernitana,4,0
2022,Sampdoria,Inter,2,2
2022,Milan,Lazio,2,0
2022,Cagliari,Genoa,2,3
2022,Bologna,Verona,1,0
2022,Sassuolo,Torino,0,1
2022,Inter,Bologna,6,1
2022,Genoa,Fiorentina,1,2
2022,Salernitana,Atalanta,0,1
2022,Juventus,Milan,1,1
2022,Lazio,Cagliari,2,2
2022,Verona,Roma,3,2
2022,Empoli,Sampdoria,0,3
2022,Venezia,Spezia,1,2
2022,Udinese,Napoli,0,4
2022,Bologna,Genoa,2,2
2022,Fiorentina,Inter,1,3
2022,Atalanta,Sassuolo,2,1
2022,Cagliari,Empoli,0,2
2022,Spezia,Juventus,2,3
2022,Salernitana,Verona,2,2
2022,Milan,Venezia,2,0
2022,Torino,Lazio,1,1
2022,Sampdoria,Napoli,0,4
2022,Roma,Udinese,1,0
2022,Spezia,Milan,1,2
2022,Inter,Atalanta,2,2
2022,Genoa,Verona,3,3
2022,Udinese,Fiorentina,0,1
2022,Napoli,Cagliari,2,0
2022,Juventus,Sampdoria,3,2
2022,Lazio,Roma,3,2
2022,Empoli,Bologna,4,2
2022,Sassuolo,Salernitana,1,0
2022,Venezia,Torino,1,1
2022,Cagliari,Venezia,1,1
2022,Torino,Juventus,0,1
2022,Sassuolo,Inter,1,2
2022,Salernitana,Genoa,1,0
2022,Verona,Spezia,4,0
2022,Sampdoria,Udinese,3,3
2022,Atalanta,Milan,2,3
2022,Bologna,Lazio,3,0
2022,Fiorentina,Napoli,1,2
2022,Roma,Empoli,2,0
2022,Spezia,Salernitana,2,1
2022,Lazio,Inter,3,1
2022,Milan,Verona,3,2
2022,Napoli,Torino,1,0
2022,Juventus,Roma,1,0
2022,Cagliari,Sampdoria,3,1
2022,Genoa,Sassuolo,2,2
2022,Empoli,Atalanta,1,4
2022,Udinese,Bologna,1,1
2022,Venezia,Fiorentina,1,0
2022,Sampdoria,Spezia,2,1
2022,Torino,Genoa,3,2
2022,Salernitana,Empoli,2,4
2022,Bologna,Milan,2,4
2022,Sassuolo,Venezia,3,1
2022,Verona,Lazio,4,1
2022,Atalanta,Udinese,1,1
2022,Fiorentina,Cagliari,3,0
2022,Inter,Juventus,1,1
2022,Roma,Napoli,0,0
2022,Spezia,Genoa,1,1
2022,Venezia,Salernitana,1,2
2022,Milan,Torino,1,0
2022,Sampdoria,Atalanta,1,3
2022,Lazio,Fiorentina,1,0
2022,Cagliari,Roma,1,2
2022,Juventus,Sassuolo,1,2
2022,Empoli,Inter,0,2
2022,Udinese,Verona,1,1
2022,Napoli,Bologna,3,0
2022,Atalanta,Lazio,2,2
2022,Verona,Juventus,2,1
2022,Torino,Sampdoria,3,0
2022,Fiorentina,Spezia,3,0
2022,Genoa,Venezia,0,0
2022,Roma,Milan,1,2
2022,Sassuolo,Empoli,1,2
2022,Inter,Udinese,2,0
2022,Salernitana,Napoli,0,1
2022,Bologna,Cagliari,2,0
2022,Empoli,Genoa,2,2
2022,Juventus,Fiorentina,1,0
2022,Spezia,Torino,1,0
2022,Cagliari,Atalanta,1,2
2022,Udinese,Sassuolo,3,2
2022,Napoli,Verona,1,1
2022,Lazio,Salernitana,3,0
2022,Milan,Inter,1,1
2022,Sampdoria,Bologna,1,2
2022,Venezia,Roma,3,2
2022,Lazio,Juventus,0,2
2022,Fiorentina,Milan,4,3
2022,Atalanta,Spezia,5,2
2022,Inter,Napoli,3,2
2022,Bologna,Venezia,0,1
2022,Salernitana,Sampdoria,0,2
2022,Sassuolo,Cagliari,2,2
2022,Genoa,Roma,0,2
2022,Torino,Udinese,2,1
2022,Verona,Empoli,2,1
2022,Cagliari,Salernitana,1,1
2022,Sampdoria,Verona,3,1
2022,Empoli,Fiorentina,2,1
2022,Venezia,Inter,0,2
2022,Juventus,Atalanta,0,1
2022,Udinese,Genoa,0,0
2022,Milan,Sassuolo,1,3
2022,Roma,Torino,1,0
2022,Spezia,Bologna,0,1
2022,Napoli,Lazio,4,0
2022,Salernitana,Juventus,0,2
2022,Atalanta,Venezia,4,0
2022,Fiorentina,Sampdoria,3,1
2022,Verona,Cagliari,0,0
2022,Bologna,Roma,1,0
2022,Genoa,Milan,0,3
2022,Sassuolo,Napoli,2,2
2022,Inter,Spezia,2,0
2022,Torino,Empoli,2,2
2022,Lazio,Udinese,4,4
2022,Milan,Salernitana,2,0
2022,Napoli,Atalanta,2,3
2022,Roma,Inter,0,3
2022,Bologna,Fiorentina,2,3
2022,Spezia,Sassuolo,2,2
2022,Sampdoria,Lazio,1,3
2022,Venezia,Verona,3,4
2022,Juventus,Genoa,2,0
2022,Cagliari,Torino,1,1
2022,Empoli,Udinese,3,1
2022,Genoa,Sampdoria,1,3
2022,Fiorentina,Salernitana,4,0
2022,Udinese,Milan,1,1
2022,Venezia,Juventus,1,1
2022,Sassuolo,Lazio,2,1
2022,Torino,Bologna,2,1
2022,Inter,Cagliari,4,0
2022,Napoli,Empoli,0,1
2022,Verona,Atalanta,1,2
2022,Roma,Spezia,2,0
2022,Lazio,Genoa,3,1
2022,Salernitana,Inter,0,5
2022,Cagliari,Udinese,0,4
2022,Bologna,Juventus,0,2
2022,Atalanta,Roma,1,4
2022,Torino,Verona,1,0
2022,Fiorentina,Sassuolo,2,2
2022,Milan,Napoli,0,1
2022,Sampdoria,Venezia,1,1
2022,Spezia,Empoli,1,1
2022,Juventus,Cagliari,2,0
2022,Genoa,Atalanta,0,0
2022,Empoli,Milan,2,4
2022,Roma,Sampdoria,1,1
2022,Sassuolo,Bologna,0,3
2022,Inter,Torino,1,0
2022,Napoli,Spezia,0,1
2022,Verona,Fiorentina,1,1
2022,Venezia,Lazio,1,3
2022,Milan,Roma,3,1
2022,Lazio,Empoli,3,3
2022,Sampdoria,Cagliari,1,2
2022,Spezia,Verona,1,2
2022,Juventus,Napoli,1,1
2022,Sassuolo,Genoa,1,1
2022,Napoli,Sampdoria,1,0
2022,Udinese,Atalanta,2,6
2022,Verona,Salernitana,1,2
2022,Genoa,Spezia,0,1
2022,Venezia,Milan,0,3
2022,Roma,Juventus,3,4
2022,Inter,Lazio,2,1
2022,Empoli,Sassuolo,1,5
2022,Torino,Fiorentina,4,0
2022,Cagliari,Bologna,2,1
2022,Salernitana,Lazio,0,3
2022,Sampdoria,Torino,1,2
2022,Juventus,Udinese,2,0
2022,Roma,Cagliari,1,0
2022,Sassuolo,Verona,2,4
2022,Atalanta,Inter,0,0
2022,Venezia,Empoli,1,1
2022,Bologna,Napoli,0,2
2022,Milan,Spezia,1,2
2022,Fiorentina,Genoa,6,0
2022,Verona,Bologna,2,1
2022,Lazio,Atalanta,0,0
2022,Inter,Venezia,2,1
2022,Genoa,Udinese,0,0
2022,Torino,Sassuolo,1,1
2022,Spezia,Sampdoria,1,0
2022,Empoli,Roma,2,4
2022,Cagliari,Fiorentina,1,1
2022,Napoli,Salernitana,4,1
2022,Milan,Juventus,0,0
2022,Roma,Genoa,0,0
2022,Inter,Milan,1,2
2022,Fiorentina,Lazio,0,3
2022,Venezia,Napoli,0,2
2022,Atalanta,Cagliari,1,2
2022,Udinese,Torino,2,0
2022,Bologna,Empoli,0,0
2022,Juventus,Verona,2,0
2022,Sampdoria,Sassuolo,4,0
2022,Salernitana,Spezia,2,2
2022,Torino,Venezia,1,2
2022,Napoli,Inter,1,1
2022,Lazio,Bologna,3,0
2022,Genoa,Salernitana,1,1
2022,Verona,Udinese,4,0
2022,Milan,Sampdoria,1,0
2022,Empoli,Cagliari,1,1
2022,Atalanta,Juventus,1,1
2022,Sassuolo,Roma,2,2
2022,Spezia,Fiorentina,1,2
2022,Juventus,Torino,1,1
2022,Salernitana,Milan,2,2
2022,Roma,Verona,2,2
2022,Sampdoria,Empoli,2,0
2022,Inter,Sassuolo,0,2
2022,Venezia,Genoa,1,1
2022,Fiorentina,Atalanta,1,0
2022,Udinese,Lazio,1,1
2022,Cagliari,Napoli,1,1
2022,Bologna,Spezia,2,1
2022,Genoa,Inter,0,0
2022,Milan,Udinese,1,1
2022,Empoli,Juventus,2,3
2022,Sassuolo,Fiorentina,2,1
2022,Salernitana,Bologna,1,1
2022,Verona,Venezia,3,1
2022,Spezia,Roma,0,1
2022,Torino,Cagliari,1,2
2022,Lazio,Napoli,1,2
2022,Atalanta,Sampdoria,4,0
2022,Inter,Salernitana,5,0
2022,Roma,Atalanta,1,0
2022,Udinese,Sampdoria,2,1
2022,Cagliari,Lazio,0,3
2022,Fiorentina,Verona,1,1
2022,Napoli,Milan,0,1
2022,Juventus,Spezia,1,0
2022,Venezia,Sassuolo,1,4
2022,Genoa,Empoli,0,0
2022,Bologna,Torino,0,0
2022,Milan,Empoli,1,0
2022,Spezia,Cagliari,2,0
2022,Sampdoria,Juventus,1,3
2022,Salernitana,Sassuolo,2,2
2022,Udinese,Roma,1,1
2022,Torino,Inter,1,1
2022,Fiorentina,Bologna,1,0
2022,Verona,Napoli,1,2
2022,Atalanta,Genoa,0,0
2022,Lazio,Venezia,1,0
2022,Sassuolo,Spezia,4,1
2022,Genoa,Torino,1,0
2022,Napoli,Udinese,2,1
2022,Cagliari,Milan,0,1
2022,Inter,Fiorentina,1,1
2022,Juventus,Salernitana,2,0
2022,Roma,Lazio,3,0
2022,Venezia,Sampdoria,0,2
2022,Bologna,Atalanta,0,1
2022,Empoli,Verona,1,1
2022,Salernitana,Torino,0,1
2022,Spezia,Venezia,1,0
2022,Lazio,Sassuolo,2,1
2022,Sampdoria,Roma,0,1
2022,Juventus,Inter,0,1
2022,Udinese,Cagliari,5,1
2022,Atalanta,Napoli,1,3
2022,Fiorentina,Empoli,1,0
2022,Verona,Genoa,1,0
2022,Milan,Bologna,0,0
2022,Cagliari,Juventus,1,2
2022,Inter,Verona,2,0
2022,Empoli,Spezia,0,0
2022,Napoli,Fiorentina,2,3
2022,Genoa,Lazio,1,4
2022,Torino,Milan,0,0
2022,Sassuolo,Atalanta,2,1
2022,Venezia,Udinese,1,2
2022,Roma,Salernitana,2,1
2022,Bologna,Sampdoria,2,0
2022,Spezia,Inter,1,3
2022,Milan,Genoa,2,0
2022,Fiorentina,Venezia,1,0
2022,Sampdoria,Salernitana,1,2
2022,Cagliari,Sassuolo,1,0
2022,Lazio,Torino,1,1
2022,Juventus,Bologna,1,1
2022,Udinese,Empoli,4,1
2022,Napoli,Roma,1,1
2022,Atalanta,Verona,1,2
2022,Udinese,Salernitana,0,1
2022,Inter,Roma,3,1
2022,Verona,Sampdoria,1,1
2022,Venezia,Atalanta,1,3
2022,Torino,Spezia,2,1
2022,Empoli,Napoli,3,2
2022,Salernitana,Fiorentina,2,1
2022,Bologna,Udinese,2,2
2022,Genoa,Cagliari,1,0
2022,Lazio,Milan,1,2
2022,Sassuolo,Juventus,1,2
2022,Atalanta,Torino,4,4
2022,Bologna,Inter,2,1
2022,Fiorentina,Udinese,0,4
2022,Spezia,Lazio,3,4
2022,Napoli,Sassuolo,6,1
2022,Sampdoria,Genoa,1,0
2022,Cagliari,Verona,1,2
2022,Empoli,Torino,1,3
2022,Udinese,Inter,1,2
2022,Juventus,Venezia,2,1
2022,Milan,Fiorentina,1,0
2022,Roma,Bologna,0,0
2022,Atalanta,Salernitana,1,1
2022,Salernitana,Venezia,2,1
2022,Genoa,Juventus,2,1
2022,Inter,Empoli,4,2
2022,Sassuolo,Udinese,1,1
2022,Torino,Napoli,0,1
2022,Lazio,Sampdoria,2,0
2022,Verona,Milan,1,3
2022,Salernitana,Cagliari,1,1
2022,Spezia,Atalanta,1,3
2022,Venezia,Bologna,4,3
2022,Fiorentina,Roma,2,0
2022,Udinese,Spezia,2,3
2022,Empoli,Salernitana,1,1
2022,Verona,Torino,0,1
2022,Roma,Venezia,1,1
2022,Cagliari,Inter,1,3
2022,Napoli,Genoa,3,0
2022,Bologna,Sassuolo,1,3
2022,Milan,Atalanta,2,0
2022,Sampdoria,Fiorentina,4,1
2022,Juventus,Lazio,2,2
2022,Torino,Roma,0,3
2022,Lazio,Verona,3,3
2022,Fiorentina,Juventus,2,0
2022,Atalanta,Empoli,0,1
2022,Genoa,Bologna,0,1
2022,Salernitana,Udinese,0,4
2022,Venezia,Cagliari,0,0
2022,Spezia,Napoli,0,3
2022,Sassuolo,Milan,0,3
2022,Inter,Sampdoria,3,0
2023,Milan,Udinese,4,2
2023,Sampdoria,Atalanta,0,2
2023,Monza,Torino,1,2
2023,Lecce,Inter,1,2
2023,Lazio,Bologna,2,1
2023,Fiorentina,Cremonese,3,2
2023,Spezia,Empoli,1,0
2023,Salernitana,Roma,0,1
2023,Verona,Napoli,2,5
2023,Juventus,Sassuolo,3,0
2023,Sassuolo,Lecce,1,0
2023,Torino,Lazio,0,0
2023,Inter,Spezia,3,0
2023,Udinese,Salernitana,0,0
2023,Napoli,Monza,4,0
2023,Bologna,Verona,1,1
2023,Empoli,Fiorentina,0,0
2023,Atalanta,Milan,1,1
2023,Roma,Cremonese,1,0
2023,Sampdoria,Juventus,0,0
2023,Monza,Udinese,1,2
2023,Lazio,Inter,3,1
2023,Cremonese,Torino,1,2
2023,Milan,Bologna,2,0
2023,Spezia,Sassuolo,2,2
2023,Juventus,Roma,1,1
2023,Verona,Atalanta,0,1
2023,Lecce,Empoli,1,1
2023,Fiorentina,Napoli,0,0
2023,Salernitana,Sampdoria,4,0
2023,Roma,Monza,3,0
2023,Inter,Cremonese,3,1
2023,Sassuolo,Milan,0,0
2023,Juventus,Spezia,2,0
2023,Sampdoria,Lazio,1,1
2023,Empoli,Verona,1,1
2023,Napoli,Lecce,1,1
2023,Udinese,Fiorentina,1,0
2023,Atalanta,Torino,3,1
2023,Bologna,Salernitana,1,1
2023,Fiorentina,Juventus,1,1
2023,Milan,Inter,3,2
2023,Lazio,Napoli,1,2
2023,Cremonese,Sassuolo,0,0
2023,Udinese,Roma,4,0
2023,Spezia,Bologna,2,2
2023,Verona,Sampdoria,2,1
2023,Salernitana,Empoli,2,2
2023,Torino,Lecce,1,0
2023,Monza,Atalanta,0,2
2023,Sampdoria,Milan,1,2
2023,Napoli,Spezia,1,0
2023,Inter,Torino,1,0
2023,Juventus,Salernitana,2,2
2023,Atalanta,Cremonese,1,1
2023,Lecce,Monza,1,1
2023,Bologna,Fiorentina,2,1
2023,Sassuolo,Udinese,1,3
2023,Lazio,Verona,2,0
2023,Empoli,Roma,1,2
2023,Salernitana,Lecce,1,2
2023,Spezia,Sampdoria,2,1
2023,Bologna,Empoli,0,1
2023,Torino,Sassuolo,0,1
2023,Fiorentina,Verona,2,0
2023,Roma,Atalanta,0,1
2023,Milan,Napoli,1,2
2023,Cremonese,Lazio,0,4
2023,Udinese,Inter,3,1
2023,Monza,Juventus,1,0
2023,Napoli,Torino,3,1
2023,Inter,Roma,1,2
2023,Empoli,Milan,1,3
2023,Sassuolo,Salernitana,5,0
2023,Lazio,Spezia,4,0
2023,Atalanta,Fiorentina,1,0
2023,Sampdoria,Monza,0,3
2023,Juventus,Bologna,3,0
2023,Lecce,Cremonese,1,1
2023,Verona,Udinese,1,2
2023,Bologna,Sampdoria,1,1
2023,Sassuolo,Inter,1,2
2023,Milan,Juventus,2,0
2023,Salernitana,Verona,2,1
2023,Roma,Lecce,2,1
2023,Monza,Spezia,2,0
2023,Torino,Empoli,1,1
2023,Udinese,Atalanta,2,2
2023,Cremonese,Napoli,1,4
2023,Fiorentina,Lazio,0,4
2023,Torino,Juventus,0,1
2023,Empoli,Monza,1,0
2023,Atalanta,Sassuolo,2,1
2023,Lazio,Udinese,0,0
2023,Spezia,Cremonese,2,2
2023,Napoli,Bologna,3,2
2023,Verona,Milan,1,2
2023,Inter,Salernitana,2,0
2023,Lecce,Fiorentina,1,1
2023,Sampdoria,Roma,0,1
2023,Juventus,Empoli,4,0
2023,Milan,Monza,4,1
2023,Salernitana,Spezia,1,0
2023,Fiorentina,Inter,3,4
2023,Roma,Napoli,0,1
2023,Atalanta,Lazio,0,2
2023,Bologna,Lecce,2,0
2023,Udinese,Torino,1,2
2023,Cremonese,Sampdoria,0,1
2023,Sassuolo,Verona,2,1
2023,Inter,Sampdoria,3,0
2023,Napoli,Sassuolo,4,0
2023,Lecce,Juventus,0,1
2023,Spezia,Fiorentina,1,2
2023,Torino,Milan,2,1
2023,Lazio,Salernitana,1,3
2023,Empoli,Atalanta,0,2
2023,Cremonese,Udinese,0,0
2023,Verona,Roma,1,3
2023,Monza,Bologna,1,2
2023,Udinese,Lecce,1,1
2023,Atalanta,Napoli,1,2
2023,Salernitana,Cremonese,2,2
2023,Milan,Spezia,2,1
2023,Empoli,Sassuolo,1,0
2023,Roma,Lazio,0,1
2023,Bologna,Torino,2,1
2023,Monza,Verona,2,0
2023,Sampdoria,Fiorentina,0,2
2023,Juventus,Inter,2,0
2023,Spezia,Udinese,1,1
2023,Cremonese,Milan,0,0
2023,Napoli,Empoli,2,0
2023,Lecce,Atalanta,2,1
2023,Sassuolo,Roma,1,1
2023,Torino,Sampdoria,2,0
2023,Inter,Bologna,6,1
2023,Fiorentina,Salernitana,2,1
2023,Lazio,Monza,1,0
2023,Verona,Juventus,0,1
2023,Empoli,Cremonese,2,0
2023,Napoli,Udinese,3,2
2023,Bologna,Sassuolo,3,0
2023,Sampdoria,Lecce,0,2
2023,Verona,Spezia,1,2
2023,Monza,Salernitana,3,0
2023,Milan,Fiorentina,2,1
2023,Juventus,Lazio,3,0
2023,Roma,Torino,1,1
2023,Atalanta,Inter,2,3
2023,Inter,Napoli,1,0
2023,Cremonese,Juventus,0,1
2023,Fiorentina,Monza,1,1
2023,Roma,Bologna,1,0
2023,Spezia,Atalanta,2,2
2023,Sassuolo,Sampdoria,1,2
2023,Udinese,Empoli,1,1
2023,Salernitana,Milan,1,2
2023,Torino,Verona,1,1
2023,Lecce,Lazio,2,1
2023,Monza,Inter,2,2
2023,Fiorentina,Sassuolo,2,1
2023,Juventus,Udinese,1,0
2023,Lazio,Empoli,2,2
2023,Sampdoria,Napoli,0,2
2023,Salernitana,Torino,1,1
2023,Milan,Roma,2,2
2023,Spezia,Lecce,0,0
2023,Verona,Cremonese,2,0
2023,Bologna,Atalanta,1,2
2023,Napoli,Juventus,5,1
2023,Cremonese,Monza,2,3
2023,Lecce,Milan,2,2
2023,Inter,Verona,1,0
2023,Atalanta,Salernitana,8,2
2023,Roma,Fiorentina,2,0
2023,Torino,Spezia,0,1
2023,Udinese,Bologna,1,2
2023,Sassuolo,Lazio,0,2
2023,Empoli,Sampdoria,1,0
2023,Verona,Lecce,2,0
2023,Fiorentina,Torino,0,1
2023,Salernitana,Napoli,0,2
2023,Sampdoria,Udinese,0,1
2023,Spezia,Roma,0,2
2023,Monza,Sassuolo,1,1
2023,Juventus,Atalanta,3,3
2023,Bologna,Cremonese,1,1
2023,Inter,Empoli,0,1
2023,Lazio,Milan,4,0
2023,Bologna,Spezia,2,0
2023,Lecce,Salernitana,1,2
2023,Empoli,Torino,2,2
2023,Cremonese,Inter,1,2
2023,Atalanta,Sampdoria,2,0
2023,Milan,Sassuolo,2,5
2023,Lazio,Fiorentina,1,1
2023,Juventus,Monza,0,2
2023,Napoli,Roma,2,1
2023,Udinese,Verona,1,1
2023,Sassuolo,Atalanta,1,0
2023,Cremonese,Lecce,0,2
2023,Roma,Empoli,2,0
2023,Spezia,Napoli,0,3
2023,Fiorentina,Bologna,1,2
2023,Torino,Udinese,1,0
2023,Inter,Milan,1,0
2023,Monza,Sampdoria,2,2
2023,Verona,Lazio,1,1
2023,Salernitana,Juventus,0,3
2023,Milan,Torino,1,0
2023,Lecce,Roma,1,1
2023,Lazio,Atalanta,0,2
2023,Empoli,Spezia,2,2
2023,Bologna,Monza,0,1
2023,Udinese,Sassuolo,2,2
2023,Juventus,Fiorentina,1,0
2023,Napoli,Cremonese,3,0
2023,Sampdoria,Inter,0,0
2023,Verona,Salernitana,1,0
2023,Sassuolo,Napoli,0,2
2023,Inter,Udinese,3,1
2023,Sampdoria,Bologna,1,2
2023,Monza,Milan,0,1
2023,Fiorentina,Empoli,1,1
2023,Salernitana,Lazio,0,2
2023,Roma,Verona,1,0
2023,Spezia,Juventus,0,2
2023,Atalanta,Lecce,1,2
2023,Torino,Cremonese,2,2
2023,Lecce,Sassuolo,0,1
2023,Empoli,Napoli,0,2
2023,Udinese,Spezia,2,2
2023,Milan,Atalanta,2,0
2023,Bologna,Inter,1,0
2023,Salernitana,Monza,3,0
2023,Verona,Fiorentina,0,3
2023,Lazio,Sampdoria,1,0
2023,Cremonese,Roma,2,1
2023,Juventus,Torino,4,2
2023,Napoli,Lazio,0,1
2023,Fiorentina,Milan,2,1
2023,Monza,Empoli,2,1
2023,Atalanta,Udinese,0,0
2023,Inter,Lecce,2,0
2023,Roma,Juventus,1,0
2023,Spezia,Verona,0,0
2023,Sampdoria,Salernitana,0,0
2023,Sassuolo,Cremonese,3,2
2023,Torino,Bologna,1,0
2023,Spezia,Inter,2,1
2023,Empoli,Udinese,0,1
2023,Bologna,Lazio,0,0
2023,Napoli,Atalanta,2,0
2023,Juventus,Sampdoria,4,2
2023,Verona,Monza,1,1
2023,Cremonese,Fiorentina,0,2
2023,Roma,Sassuolo,3,4
2023,Lecce,Torino,0,2
2023,Milan,Salernitana,1,1
2023,Sassuolo,Spezia,1,0
2023,Atalanta,Empoli,2,1
2023,Monza,Cremonese,1,1
2023,Udinese,Milan,3,1
2023,Salernitana,Bologna,2,2
2023,Torino,Napoli,0,4
2023,Lazio,Roma,1,0
2023,Sampdoria,Verona,3,1
2023,Inter,Juventus,0,1
2023,Fiorentina,Lecce,1,0
2023,Cremonese,Atalanta,1,3
2023,Inter,Fiorentina,0,1
2023,Juventus,Verona,1,0
2023,Roma,Sampdoria,3,0
2023,Spezia,Salernitana,1,1
2023,Napoli,Milan,0,4
2023,Monza,Lazio,0,2
2023,Bologna,Udinese,3,0
2023,Sassuolo,Torino,1,1
2023,Empoli,Lecce,1,0
2023,Salernitana,Inter,1,1
2023,Lecce,Napoli,1,2
2023,Milan,Empoli,0,0
2023,Verona,Sassuolo,2,1
2023,Torino,Roma,0,1
2023,Udinese,Monza,2,2
2023,Sampdoria,Cremonese,2,3
2023,Lazio,Juventus,2,1
2023,Atalanta,Bologna,0,2
2023,Fiorentina,Spezia,1,1
2023,Spezia,Lazio,0,3
2023,Cremonese,Empoli,1,0
2023,Inter,Monza,0,1
2023,Bologna,Milan,1,1
2023,Napoli,Verona,0,0
2023,Sassuolo,Juventus,1,0
2023,Roma,Udinese,3,0
2023,Torino,Salernitana,1,1
2023,Lecce,Sampdoria,1,1
2023,Fiorentina,Atalanta,1,1
2023,Verona,Bologna,2,1
2023,Salernitana,Sassuolo,3,0
2023,Sampdoria,Spezia,1,1
2023,Lazio,Torino,0,1
2023,Monza,Fiorentina,3,2
2023,Udinese,Cremonese,3,0
2023,Empoli,Inter,0,3
2023,Juventus,Napoli,0,1
2023,Milan,Lecce,2,0
2023,Atalanta,Roma,3,1
2023,Lecce,Udinese,1,0
2023,Spezia,Monza,0,2
2023,Torino,Atalanta,1,2
2023,Roma,Milan,1,1
2023,Sassuolo,Empoli,2,1
2023,Inter,Lazio,3,1
2023,Napoli,Salernitana,1,1
2023,Cremonese,Verona,1,1
2023,Fiorentina,Sampdoria,5,0
2023,Bologna,Juventus,1,1
2023,Verona,Inter,0,6
2023,Milan,Cremonese,1,1
2023,Lazio,Sassuolo,2,0
2023,Atalanta,Spezia,3,2
2023,Juventus,Lecce,2,1
2023,Salernitana,Fiorentina,3,3
2023,Sampdoria,Torino,0,2
2023,Monza,Roma,1,1
2023,Udinese,Napoli,1,1
2023,Empoli,Bologna,3,1
2023,Roma,Inter,0,2
2023,Cremonese,Spezia,2,0
2023,Milan,Lazio,2,0
2023,Atalanta,Juventus,0,2
2023,Napoli,Fiorentina,1,0
2023,Lecce,Verona,0,1
2023,Torino,Monza,1,1
2023,Sassuolo,Bologna,1,1
2023,Udinese,Sampdoria,2,0
2023,Empoli,Salernitana,2,1
2023,Lazio,Lecce,2,2
2023,Inter,Sassuolo,4,2
2023,Spezia,Milan,2,0
2023,Salernitana,Atalanta,1,0
2023,Fiorentina,Udinese,2,0
2023,Verona,Torino,0,1
2023,Bologna,Roma,0,0
2023,Juventus,Cremonese,2,0
2023,Monza,Napoli,2,0
2023,Sampdoria,Empoli,1,1
2023,Sassuolo,Monza,1,2
2023,Cremonese,Bologna,1,5
2023,Milan,Sampdoria,5,1
2023,Atalanta,Verona,3,1
2023,Lecce,Spezia,0,0
2023,Udinese,Lazio,0,1
2023,Torino,Fiorentina,1,1
2023,Napoli,Inter,3,1
2023,Empoli,Juventus,4,1
2023,Roma,Salernitana,2,2
2023,Sampdoria,Sassuolo,2,2
2023,Salernitana,Udinese,3,2
2023,Spezia,Torino,0,4
2023,Inter,Atalanta,3,2
2023,Fiorentina,Roma,2,1
2023,Lazio,Cremonese,3,2
2023,Juventus,Milan,0,1
2023,Monza,Lecce,0,1
2023,Verona,Empoli,1,1
2023,Bologna,Napoli,2,2
2023,Sassuolo,Fiorentina,1,3
2023,Torino,Inter,0,1
2023,Cremonese,Salernitana,2,0
2023,Empoli,Lazio,0,2
2023,Roma,Spezia,2,1
2023,Udinese,Juventus,0,1
2023,Milan,Verona,3,1
2023,Napoli,Sampdoria,2,0
2023,Lecce,Bologna,2,3
2023,Atalanta,Monza,5,2
2023,Spezia,Verona,1,3
2024,Frosinone,Napoli,1,3
2024,Inter,Monza,2,0
2024,Genoa,Fiorentina,1,4
2024,Empoli,Verona,0,1
2024,Sassuolo,Atalanta,0,2
2024,Roma,Salernitana,2,2
2024,Udinese,Juventus,0,3
2024,Lecce,Lazio,2,1
2024,Torino,Cagliari,0,0
2024,Bologna,Milan,0,2
2024,Monza,Empoli,2,0
2024,Frosinone,Atalanta,2,1
2024,Verona,Roma,2,1
2024,Milan,Torino,4,1
2024,Fiorentina,Lecce,2,2
2024,Napoli,Sassuolo,2,0
2024,Lazio,Genoa,0,1
2024,Juventus,Bologna,1,1
2024,Salernitana,Udinese,1,1
2024,Cagliari,Inter,0,2
2024,Roma,Milan,1,2
2024,Sassuolo,Verona,3,1
2024,Bologna,Cagliari,2,1
2024,Udinese,Frosinone,0,0
2024,Atalanta,Monza,3,0
2024,Napoli,Lazio,1,2
2024,Torino,Genoa,1,0
2024,Inter,Fiorentina,4,0
2024,Lecce,Salernitana,2,0
2024,Empoli,Juventus,0,2
2024,Juventus,Lazio,3,1
2024,Inter,Milan,5,1
2024,Genoa,Napoli,2,2
2024,Monza,Lecce,1,1
2024,Cagliari,Udinese,0,0
2024,Roma,Empoli,7,0
2024,Fiorentina,Atalanta,3,2
2024,Frosinone,Sassuolo,4,2
2024,Verona,Bologna,0,0
2024,Salernitana,Torino,0,3
2024,Lecce,Genoa,1,0
2024,Salernitana,Frosinone,1,1
2024,Milan,Verona,1,0
2024,Sassuolo,Juventus,4,2
2024,Lazio,Monza,1,1
2024,Udinese,Fiorentina,0,2
2024,Bologna,Napoli,0,0
2024,Torino,Roma,1,1
2024,Atalanta,Cagliari,2,0
2024,Empoli,Inter,0,1
2024,Juventus,Lecce,1,0
2024,Napoli,Udinese,4,1
2024,Verona,Atalanta,0,1
2024,Cagliari,Milan,1,3
2024,Inter,Sassuolo,1,2
2024,Empoli,Salernitana,1,0
2024,Lazio,Torino,2,0
2024,Genoa,Roma,4,1
2024,Monza,Bologna,0,0
2024,Frosinone,Fiorentina,1,1
2024,Milan,Lazio,2,0
2024,Lecce,Napoli,0,4
2024,Salernitana,Inter,0,4
2024,Atalanta,Juventus,0,0
2024,Udinese,Genoa,2,2
2024,Bologna,Empoli,3,0
2024,Roma,Frosinone,2,0
2024,Sassuolo,Monza,0,1
2024,Torino,Verona,0,0
2024,Fiorentina,Cagliari,3,0
2024,Lecce,Sassuolo,1,1
2024,Empoli,Udinese,0,0
2024,Juventus,Torino,2,0
2024,Inter,Bologna,2,2
2024,Genoa,Milan,0,1
2024,Monza,Salernitana,3,0
2024,Cagliari,Roma,1,4
2024,Frosinone,Verona,2,1
2024,Napoli,Fiorentina,1,3
2024,Lazio,Atalanta,3,2
2024,Sassuolo,Lazio,0,2
2024,Verona,Napoli,1,3
2024,Torino,Inter,0,3
2024,Bologna,Frosinone,2,1
2024,Roma,Monza,1,0
2024,Atalanta,Genoa,2,0
2024,Milan,Juventus,0,1
2024,Salernitana,Cagliari,2,2
2024,Fiorentina,Empoli,0,2
2024,Udinese,Lecce,1,1
2024,Genoa,Salernitana,1,0
2024,Sassuolo,Bologna,1,1
2024,Juventus,Verona,1,0
2024,Lecce,Torino,0,1
2024,Monza,Udinese,1,1
2024,Napoli,Milan,2,2
2024,Inter,Roma,1,0
2024,Cagliari,Frosinone,4,3
2024,Lazio,Fiorentina,1,0
2024,Empoli,Atalanta,0,3
2024,Bologna,Lazio,1,0
2024,Atalanta,Inter,1,2
2024,Milan,Udinese,0,1
2024,Salernitana,Napoli,0,2
2024,Fiorentina,Juventus,0,1
2024,Verona,Monza,1,3
2024,Roma,Lecce,2,1
2024,Cagliari,Genoa,2,1
2024,Torino,Sassuolo,2,1
2024,Frosinone,Empoli,2,1
2024,Sassuolo,Salernitana,2,2
2024,Genoa,Verona,1,0
2024,Juventus,Cagliari,2,1
2024,Monza,Torino,1,1
2024,Lecce,Milan,2,2
2024,Lazio,Roma,0,0
2024,Udinese,Atalanta,1,1
2024,Inter,Frosinone,2,0
2024,Fiorentina,Bologna,2,1
2024,Napoli,Empoli,0,1
2024,Atalanta,Napoli,1,2
2024,Milan,Fiorentina,1,0
2024,Salernitana,Lazio,2,1
2024,Juventus,Inter,1,1
2024,Frosinone,Genoa,2,1
2024,Empoli,Sassuolo,3,4
2024,Cagliari,Monza,1,1
2024,Roma,Udinese,3,1
2024,Verona,Lecce,2,2
2024,Bologna,Torino,2,0
2024,Monza,Juventus,1,2
2024,Lazio,Cagliari,1,0
2024,Genoa,Empoli,1,1
2024,Milan,Frosinone,3,1
2024,Napoli,Inter,0,3
2024,Sassuolo,Roma,1,2
2024,Lecce,Bologna,1,1
2024,Udinese,Verona,3,3
2024,Fiorentina,Salernitana,3,0
2024,Torino,Atalanta,3,0
2024,Juventus,Napoli,1,0
2024,Verona,Lazio,1,1
2024,Atalanta,Milan,3,2
2024,Inter,Udinese,4,0
2024,Salernitana,Bologna,1,2
2024,Roma,Fiorentina,1,1
2024,Monza,Genoa,1,0
2024,Frosinone,Torino,0,0
2024,Empoli,Lecce,1,1
2024,Cagliari,Sassuolo,2,1
2024,Genoa,Juventus,1,1
2024,Torino,Empoli,1,0
2024,Napoli,Cagliari,2,1
2024,Lecce,Frosinone,2,1
2024,Udinese,Sassuolo,2,2
2024,Milan,Monza,3,0
2024,Lazio,Inter,0,2
2024,Bologna,Roma,2,0
2024,Fiorentina,Verona,1,0
2024,Atalanta,Salernitana,4,1
2024,Sassuolo,Genoa,1,2
2024,Empoli,Lazio,0,2
2024,Monza,Fiorentina,0,1
2024,Salernitana,Milan,2,2
2024,Inter,Lecce,2,0
2024,Roma,Napoli,2,0
2024,Torino,Udinese,1,1
2024,Bologna,Atalanta,1,0
2024,Frosinone,Juventus,1,2
2024,Verona,Cagliari,2,0
2024,Napoli,Monza,0,0
2024,Genoa,Inter,1,1
2024,Lazio,Frosinone,3,1
2024,Fiorentina,Torino,1,0
2024,Verona,Salernitana,0,1
2024,Atalanta,Lecce,1,0
2024,Cagliari,Empoli,0,0
2024,Juventus,Roma,1,0
2024,Milan,Sassuolo,1,0
2024,Udinese,Bologna,3,0
2024,Bologna,Genoa,1,1
2024,Lecce,Cagliari,1,1
2024,Sassuolo,Fiorentina,1,0
2024,Inter,Verona,2,1
2024,Frosinone,Monza,2,3
2024,Empoli,Milan,0,3
2024,Roma,Atalanta,1,1
2024,Torino,Napoli,3,0
2024,Salernitana,Juventus,1,2
2024,Udinese,Lazio,1,2
2024,Napoli,Salernitana,2,1
2024,Monza,Inter,1,5
2024,Verona,Empoli,2,1
2024,Genoa,Torino,0,0
2024,Milan,Roma,3,1
2024,Fiorentina,Udinese,2,2
2024,Lazio,Lecce,1,0
2024,Cagliari,Bologna,2,1
2024,Atalanta,Frosinone,5,0
2024,Juventus,Sassuolo,3,0
2024,Roma,Verona,2,1
2024,Udinese,Milan,2,3
2024,Lecce,Juventus,0,3
2024,Salernitana,Genoa,1,2
2024,Empoli,Monza,3,0
2024,Frosinone,Cagliari,3,1
2024,Cagliari,Torino,1,2
2024,Juventus,Empoli,1,1
2024,Atalanta,Udinese,2,0
2024,Milan,Bologna,2,2
2024,Fiorentina,Inter,0,1
2024,Verona,Frosinone,1,1
2024,Genoa,Lecce,2,1
2024,Lazio,Napoli,0,0
2024,Monza,Sassuolo,1,0
2024,Salernitana,Roma,1,2
2024,Lecce,Fiorentina,3,2
2024,Frosinone,Milan,2,3
2024,Empoli,Genoa,0,0
2024,Udinese,Monza,0,0
2024,Bologna,Sassuolo,4,2
2024,Napoli,Verona,2,1
2024,Torino,Salernitana,0,0
2024,Inter,Juventus,1,0
2024,Atalanta,Lazio,3,1
2024,Roma,Cagliari,4,0
2024,Salernitana,Empoli,1,3
2024,Cagliari,Lazio,1,3
2024,Sassuolo,Torino,1,1
2024,Roma,Inter,2,4
2024,Genoa,Atalanta,1,4
2024,Fiorentina,Frosinone,5,1
2024,Milan,Napoli,1,0
2024,Monza,Verona,0,0
2024,Bologna,Lecce,4,0
2024,Juventus,Udinese,0,1
2024,Bologna,Fiorentina,2,0
2024,Torino,Lecce,2,0
2024,Inter,Salernitana,4,0
2024,Verona,Juventus,2,2
2024,Atalanta,Sassuolo,3,0
2024,Napoli,Genoa,1,1
2024,Udinese,Cagliari,1,1
2024,Frosinone,Roma,0,3
2024,Monza,Milan,4,2
2024,Lazio,Bologna,1,2
2024,Empoli,Fiorentina,1,1
2024,Torino,Lazio,0,2
2024,Bologna,Verona,2,0
2024,Genoa,Udinese,2,0
2024,Salernitana,Monza,0,2
2024,Sassuolo,Empoli,2,3
2024,Lecce,Inter,0,4
2024,Cagliari,Napoli,1,1
2024,Juventus,Frosinone,3,2
2024,Milan,Atalanta,1,1
2024,Fiorentina,Lazio,2,1
2024,Roma,Torino,3,2
2024,Sassuolo,Napoli,1,6
2024,Inter,Atalanta,4,0
2024,Lazio,Milan,0,1
2024,Torino,Fiorentina,0,0
2024,Monza,Roma,1,4
2024,Udinese,Salernitana,1,1
2024,Empoli,Cagliari,0,1
2024,Napoli,Juventus,2,1
2024,Frosinone,Lecce,1,1
2024,Atalanta,Bologna,1,2
2024,Verona,Sassuolo,1,0
2024,Inter,Genoa,2,1
2024,Napoli,Torino,1,1
2024,Sassuolo,Frosinone,1,0
2024,Genoa,Monza,2,3
2024,Bologna,Inter,0,1
2024,Cagliari,Salernitana,4,2
2024,Lecce,Verona,0,1
2024,Juventus,Atalanta,2,2
2024,Milan,Empoli,1,0
2024,Fiorentina,Roma,2,2
2024,Lazio,Udinese,1,2
2024,Empoli,Bologna,0,1
2024,Salernitana,Lecce,0,1
2024,Monza,Cagliari,1,0
2024,Udinese,Torino,0,2
2024,Frosinone,Lazio,2,3
2024,Verona,Milan,1,3
2024,Juventus,Genoa,0,0
2024,Roma,Sassuolo,1,0
2024,Inter,Napoli,1,1
2024,Napoli,Atalanta,0,3
2024,Fiorentina,Milan,1,2
2024,Torino,Monza,1,0
2024,Lazio,Juventus,1,0
2024,Genoa,Frosinone,1,1
2024,Inter,Empoli,2,0
2024,Lecce,Roma,0,0
2024,Cagliari,Verona,1,1
2024,Sassuolo,Udinese,1,1
2024,Bologna,Salernitana,3,0
2024,Salernitana,Sassuolo,2,2
2024,Milan,Lecce,3,0
2024,Empoli,Torino,3,2
2024,Roma,Lazio,1,0
2024,Monza,Napoli,2,4
2024,Frosinone,Bologna,0,0
2024,Verona,Genoa,1,2
2024,Cagliari,Atalanta,2,1
2024,Juventus,Fiorentina,1,0
2024,Udinese,Inter,1,2
2024,Lazio,Salernitana,4,1
2024,Bologna,Monza,0,0
2024,Lecce,Empoli,1,0
2024,Torino,Juventus,0,0
2024,Inter,Cagliari,2,2
2024,Napoli,Frosinone,2,2
2024,Sassuolo,Milan,3,3
2024,Atalanta,Verona,2,2
2024,Fiorentina,Genoa,1,1
2024,Genoa,Lazio,0,1
2024,Cagliari,Juventus,2,2
2024,Empoli,Napoli,1,0
2024,Verona,Udinese,1,0
2024,Torino,Frosinone,0,0
2024,Salernitana,Fiorentina,0,2
2024,Monza,Atalanta,1,2
2024,Sassuolo,Lecce,0,3
2024,Roma,Bologna,1,3
2024,Milan,Inter,1,2
2024,Udinese,Roma,1,2
2024,Frosinone,Salernitana,3,0
2024,Juventus,Milan,0,0
2024,Lazio,Verona,1,0
2024,Lecce,Monza,1,1
2024,Inter,Torino,2,0
2024,Napoli,Roma,2,2
2024,Fiorentina,Sassuolo,5,1
2024,Bologna,Udinese,1,1
2024,Atalanta,Empoli,2,0
2024,Genoa,Cagliari,3,0
2024,Torino,Bologna,0,0
2024,Monza,Lazio,2,2
2024,Sassuolo,Inter,1,0
2024,Milan,Genoa,3,3
2024,Cagliari,Lecce,1,1
2024,Empoli,Frosinone,0,0
2024,Roma,Juventus,1,1
2024,Verona,Fiorentina,2,1
2024,Salernitana,Atalanta,1,2
2024,Udinese,Napoli,1,1
2024,Frosinone,Inter,0,5
2024,Milan,Cagliari,5,1
2024,Napoli,Bologna,0,2
2024,Lazio,Empoli,2,0
2024,Genoa,Sassuolo,2,1
2024,Verona,Torino,1,2
2024,Juventus,Salernitana,1,1
2024,Atalanta,Roma,2,1
2024,Fiorentina,Monza,2,1
2024,Lecce,Udinese,0,2
2024,Fiorentina,Napoli,2,2
2024,Lecce,Atalanta,0,2
2024,Torino,Milan,3,1
2024,Monza,Frosinone,0,1
2024,Sassuolo,Cagliari,0,2
2024,Inter,Lazio,1,1
2024,Udinese,Empoli,1,1
2024,Roma,Genoa,1,0
2024,Salernitana,Verona,1,2
2024,Bologna,Juventus,3,3
2024,Cagliari,Fiorentina,2,3
2024,Genoa,Bologna,2,0
2024,Milan,Salernitana,3,3
2024,Juventus,Monza,2,0
2024,Frosinone,Udinese,0,1
2024,Napoli,Lecce,0,0
2024,Lazio,Sassuolo,1,1
2024,Atalanta,Torino,3,0
2024,Verona,Inter,2,2
2024,Empoli,Roma,2,1
2024,Atalanta,Fiorentina,2,3
